No,provinsi,Sungai,2017,2018,2019,2020,2021,2022
1,ACEH,Krueng Tamiang,Cemar Sedang,Cemar Ringan Cemar Sedang,Cemar RinganCemar Sedang,Cemar Ringan,Cemar Ringan,Cemar Ringan
2,ACEH,Krueng Baroe,,,,,Cemar Ringan,Cemar Ringan
3,SUMATERA UTARA,Batahan,Cemar Sedang,Cemar Sedang,Cemar Sedang,Cemar Ringan,Cemar Ringan,Cemar Ringan
4,SUMATERA UTARA,Asahan,,,Cemar Berat,Cemar Ringan,Cemar Ringan,Memenuhi  Cemar Ringan
5,SUMATERA BARAT,Batanghari,Cemar Berat,Cemar Berat,Cemar Berat,,Cemar Ringan,Cemar Ringan
6,SUMATERA BARAT,Batang Kampar,Cemar SedangCemar Berat,Cemar Berat,Cemar Berat,,,
7,SUMATERA BARAT,Batang Kuantan,Cemar SedangCemar Berat,Cemar SedangCemar Berat,Cemar Berat,,Cemar Ringan,Cemar Ringan
8,SUMATERA BARAT,Batang Anai,,,Cemar RinganCemar Ringan,Cemar Ringan,Cemar Ringan,Cemar Ringan
9,SUMATERA BARAT,Batang Ombilin,,,Cemar RinganCemar Ringan,Cemar Ringan,Cemar Ringan,Cemar Ringan
10,SUMATERA BARAT,Batang Sinamar,,,Cemar RinganCemar Ringan,Cemar Ringan,,Cemar Ringan
11,RIAU,Indragiri,Cemar SedangCemar Berat,Cemar SedangCemar Berat,Cemar SedangCemar Berat,Cemar SedangCemar Berat,,
12,RIAU,Siak,Cemar Berat,Cemar SedangCemar Berat,Cemar Berat,Cemar SedangCemar Berat,Cemar Ringan,Cemar Ringan
13,RIAU,Rokan,Cemar SedangCemar Berat,Cemar SedangCemar Berat,Cemar SedangCemar Berat,Cemar SedangCemar Berat,,
14,RIAU,Kampar,Cemar SedangCemar Berat,Cemar SedangCemar Berat,Cemar SedangCemar Berat,Cemar SedangCemar Berat,Cemar SedangBerat,Cemar Ringan
15,JAMBI,Batanghari,Cemar Ringan Cemar Sedang,Cemar Ringan Cemar Sedang,Cemar Sedang,Cemar Sedang,Cemar Ringan,Cemar Ringan
16,JAMBI,Batang Tembesi,,,,,Cemar Ringan,
17,JAMBI,Batang Tebo,,,,,,Memenuhi
18,JAMBI,Batang Tabir,,,,,,Cemar Ringan
19,SUMATERA SELATAN,Musi,Cemar Berat,Cemar SedangCemar Berat,Cemar Berat,Cemar Berat,Cemar Ringan,Cemar Ringan  Sedang
20,SUMATERA SELATAN,Temam,,,,,,Memenuhi
21,SUMATERA SELATAN,Megang,,,,,,Memenuhi
22,BENGKULU,Musi,Cemar Ringan Cemar Sedang,Cemar Ringan Cemar Sedang,Cemar Ringan  Cemar Sedang,Cemar RinganCemar Sedang,,Cemar Ringan  Sedang
23,LAMPUNG,Mesuji,Cemar Berat,Cemar Berat,Cemar Berat,Cemar Berat,Cemar Ringan,Cemar Ringan
24,LAMPUNG,Sekampung,Cemar Berat,Cemar Berat,Cemar Berat,Cemar Berat,Cemar Ringan,Cemar Ringan
25,KEPULAUAN BANGKA BELITUNG,Baturusa,Cemar SedangCemar Berat,Cemar SedangCemar Berat,Cemar Sedang  Cemar Berat,Cemar RinganCemar Sedang,Cemar Ringan,Memenuhi
26,KEPULAUAN BANGKA BELITUNG,Buding,Cemar SedangCemar Berat,Cemar SedangCemar Berat,Cemar RinganCemar Sedang,Cemar RinganCemar Sedang,MemenuhiCemar Ringan,Cemar Ringan
27,KEPULAUAN RIAU,Dam Duriangkang,Cemar SedangCemar Berat,Cemar SedangCemar Berat,Cemar Sedang,Cemar Sedang,Cemar Ringan,Cemar Ringan
28,KEPULAUAN RIAU,Sei Pulai,,,,,Cemar Ringan,Cemar Ringan
29,KEPULAUAN RIAU,Sei Ladi,,,,,Cemar Ringan,Cemar Ringan
30,KEPULAUAN RIAU,Muka Kuning,,,,,MemenuhiCemar Ringan,Cemar Ringan
31,KEPULAUAN RIAU,Sei Jago,,,,,Cemar Ringan,Memenuhi
32,KEPULAUAN RIAU,Waduk Kolong 6,,,,,Cemar Ringan,
33,KEPULAUAN RIAU,Sei Gesek,,,,,Cemar Ringan,Cemar Ringan
34,DKI JAKARTA,Ciliwung,Cemar Berat,Cemar Berat,Cemar Berat,Cemar Berat,Cemar Ringan,Cemar Ringan  Sedang
35,DKI JAKARTA,Citarum,,,,,Cemar Sedang,Cemar Sedang
36,DKI JAKARTA,Sunter,,,,,Cemar Sedang,Cemar Ringan
37,JAWA BARAT,Ciliwung,Cemar Berat,Cemar Berat,Cemar Berat,Cemar Berat,Cemar Ringan,Cemar Ringan  Sedang
38,JAWA BARAT,Citarum,Cemar Berat,Cemar Berat,Cemar Berat,Cemar Berat,Cemar Sedang,Cemar Sedang
39,JAWA BARAT,Cisadane,Cemar Berat,Cemar Berat,Cemar Berat,Cemar Berat,MemenuhiCemar Ringan,Memenuhi  Cemar Ringan
40,JAWA BARAT,Citanduy,Cemar Berat,Cemar Berat,Cemar Berat,Cemar Berat,Cemar Ringan,Memenuhi  Cemar Ringan
41,JAWA TENGAH,Bengawan Solo,Cemar Sedang  Cemar Berat,Cemar SedangCemar Berat,Cemar Berat,Cemar Berat,Cemar Ringan,Cemar Ringan  Sedang
42,JAWA TENGAH,Cisanggarung,Cemar Berat,Cemar Berat,Cemar Berat,Cemar Berat,Cemar Ringan,Cemar Ringan
43,JAWA TENGAH,Citanduy,Cemar Berat,Cemar Berat,Cemar Berat,Cemar Berat,Cemar RinganCemar Sedang,Cemar Ringan
44,JAWA TENGAH,Progo,Cemar Berat,Cemar Berat,Cemar Berat,Cemar Berat,Cemar RinganCemar Sedang,Cemar Ringan
45,JAWA TENGAH,Serayu,,,Cemar Berat,Cemar Berat,Cemar Ringan,Cemar Ringan
46,DI YOGYAKARTA,Progo,Cemar Berat,Cemar SedangCemar Berat,Cemar Sedang,Cemar Sedang,Cemar RinganCemar Sedang,Cemar Ringan
47,DI YOGYAKARTA,Krasak (As Progo),Cemar Berat,Cemar Ringan,Cemar Ringan,Cemar Ringan,Cemar Ringan,Cemar Ringan
48,DI YOGYAKARTA,Tinalah (As Progo),Cemar Berat,Cemar Ringan,Cemar Ringan,Cemar Ringan,Cemar Ringan,
49,DI YOGYAKARTA,Sudu (As Progo),Cemar Berat,Cemar Ringan,Cemar Ringan,Cemar Ringan,Cemar Ringan,Cemar Ringan
50,DI YOGYAKARTA,Opak,Cemar Berat,Cemar Sedang,Cemar Sedang,Cemar Sedang,Cemar Ringan,Cemar Ringan  Sedang
51,DI YOGYAKARTA,Serang,Cemar Berat,Cemar Sedang,Cemar Sedang,Cemar Sedang,Cemar RinganCemar Sedang,Memenuhi  Cemar Ringan
52,JAWA TIMUR,Bengawan Solo,Cemar Berat,Cemar Berat,Cemar Berat,Cemar Berat,Cemar Ringan,Cemar Ringan  Sedang
53,JAWA TIMUR,Madiun,,,,,Cemar Ringan,Memenuhi  Cemar Ringan
54,JAWA TIMUR,Kali Surabaya,,,,,,Cemar Ringan
55,JAWA TIMUR,Kali Tengah,,,,,Cemar Ringan,Memenuhi
56,JAWA TIMUR,Kali Porong,,,,,,Cemar Ringan
57,JAWA TIMUR,Kali Mas,,,,,,Cemar Ringan
58,JAWA TIMUR,Brantas,Cemar Berat,Cemar Berat,Cemar Berat,Cemar Berat,Cemar RinganCemar Berat,Memenuhi  Cemar Ringan
59,BANTEN,Cidurian,Cemar Sedang,Cemar Sedang,Cemar Sedang,Cemar Sedang,Cemar RinganCemar Sedang,Cemar Ringan  Sedang
60,BANTEN,Cisadane,Cemar Sedang,Cemar Sedang,Cemar Sedang,Cemar Sedang,MemenuhiCemar Ringan,Memenuhi  Cemar Ringan
61,BALI,Tukad Ayung,Cemar Sedang,Cemar Sedang,Cemar Sedang,Cemar Sedang,MemenuhiCemar Ringan,Cemar Ringan
62,BALI,Tukad Ho,Cemar Sedang  Cemar Berat,Cemar SedangCemar Berat,Cemar Berat,Cemar Berat,Cemar Ringan,Cemar Ringan
63,BALI,Tukad Saba,Cemar Sedang,Cemar Sedang,Cemar Sedang,Cemar Sedang,Cemar Ringan,Cemar Ringan
64,BALI,Tukad Daya,Cemar Sedang,Cemar Sedang,Cemar Sedang,Cemar Sedang,Cemar Ringan,Memenuhi
65,BALI,Tukad Balian,Cemar Sedang,Cemar Sedang,Cemar Sedang,,Memenuhi,Memenuhi
66,NUSA TENGGARA BARAT,Ancar,,,,,Cemar SedangCemar Berat,Cemar Sedang
67,NUSA TENGGARA BARAT,Dodokan,,,,,Cemar RinganCemar Sedang,Cemar Ringan
68,NUSA TENGGARA BARAT,Babak,,,,,MemenuhiCemar Ringan,Cemar Sedang
69,NUSA TENGGARA BARAT,Brangbiji,,,,,Cemar RinganCemar Sedang,Cemar Sedang
70,NUSA TENGGARA BARAT,Jangkok,Cemar Sedang  Cemar Berat,Cemar Berat,Cemar Berat,Cemar Berat,Cemar Ringan,Cemar Ringan  Sedang
71,NUSA TENGGARA BARAT,Meninting,Cemar Sedang  Cemar Berat,Cemar SedangCemar Berat,Cemar Berat,Cemar Berat,Cemar Ringan,Cemar Ringan
72,NUSA TENGGARA BARAT,Moyo,Cemar Sedang  Cemar Berat,Cemar SedangCemar Berat,Cemar Berat,Cemar Berat,Cemar Ringan,Cemar Ringan
73,NUSA TENGGARA TIMUR,Aesesa,Cemar Berat,Cemar Berat,Cemar Berat,Cemar Berat,Cemar Ringan,Memenuhi  Cemar Ringan
74,NUSA TENGGARA TIMUR,Noelmina,Cemar Berat,Cemar Berat,Cemar Berat,Cemar Berat,Cemar Ringan,Cemar Ringan
75,NUSA TENGGARA TIMUR,Benanain,,,Cemar RinganCemar Berat,Cemar RinganCemar Berat,Cemar Ringan,
76,NUSA TENGGARA TIMUR,Dendeng,Cemar Berat,Cemar Berat,Cemar Berat,Cemar Berat,,
77,KALIMANTAN BARAT,Kapuas,Cemar SedangCemar Berat,Cemar SedangCemar Berat,Cemar Berat,Cemar Berat,Cemar Ringan,Cemar Ringan
78,KALIMANTAN BARAT,Jelai,Cemar Sedang,Cemar Sedang,Cemar Sedang,Cemar Sedang,Cemar Ringan,Cemar Ringan
79,KALIMANTAN TENGAH,Barito,Cemar SedangCemar Berat,Cemar SedangCemar Berat,Cemar SedangCemar Berat,Cemar SedangCemar Berat,Cemar Ringan,Cemar Ringan
80,KALIMANTAN TENGAH,Jelai,Cemar Ringan  Cemar Sedang,Cemar Ringan Cemar Sedang,Cemar Ringan  Cemar Sedang,Cemar SedangCemar Berat,Cemar Ringan,Cemar Ringan
81,KALIMANTAN TENGAH,Kahayan,,,Cemar Sedang  Cemar Berat,Cemar SedangCemar Berat,Cemar RinganCemar Sedang,Cemar Ringan
82,KALIMANTAN TENGAH,Lamandau,,,,,Cemar Ringan,Cemar Ringan
83,KALIMANTAN TENGAH,Jembayan,,,,,Cemar Ringan,Cemar Ringan
84,KALIMANTAN SELATAN,Barito,Cemar Berat,Cemar Berat,Cemar Berat,Cemar Berat,Cemar Ringan,Cemar Ringan
85,KALIMANTAN SELATAN,Martapura,Cemar Berat,Cemar Berat,Cemar Berat,Cemar Berat,Cemar Ringan,Cemar Ringan
86,KALIMANTAN SELATAN,Riam Kiwa,Cemar Berat,Cemar Berat,Cemar Berat,Cemar Berat,Cemar Ringan,Cemar Ringan
87,KALIMANTAN SELATAN,Nagara,Cemar SedangCemar Berat,Cemar SedangCemar Berat,Cemar SedangCemar Berat,Cemar SedangCemar Berat,Cemar RinganCemar Sedang,Cemar Ringan
88,KALIMANTAN TIMUR,Mahakam,Cemar SedangCemar Berat,Cemar SedangCemar Berat,Cemar Berat,Cemar Berat,Cemar Ringan,Cemar Ringan
89,KALIMANTAN TIMUR,Tenggarong,,,,,,Cemar Ringan
90,KALIMANTAN TIMUR,Jembayan,,,,,,Cemar Ringan
91,KALIMANTAN TIMUR,Karang Mumus,,,,,Cemar Ringan,Cemar Ringan
92,KALIMANTAN TIMUR,Outlet Danau Semayang,,,,,MemenuhiCemar Ringan,Cemar Ringan
93,KALIMANTAN UTARA,Sesayap,,,Cemar RinganCemar Sedang,Cemar RinganCemar Sedang,MemenuhiCemar Ringan,Cemar Ringan
94,SULAWESI UTARA,Talawan,Cemar Berat,Cemar Berat,Cemar Berat,Cemar Berat,Cemar Ringan,Cemar Ringan
95,SULAWESI UTARA,Sangkup,Cemar Berat,Cemar Berat,Cemar Berat,Cemar Berat,Cemar Ringan,Cemar Ringan
96,SULAWESI UTARA,Dumoga,,,Cemar RinganCemar Berat,Cemar RinganCemar Berat,Cemar Ringan,Cemar Ringan
97,SULAWESI TENGAH,Lariang,,,Cemar Berat,Cemar Berat,Cemar Ringan,Cemar Ringan
98,SULAWESI SELATAN,Jeneberang,Cemar Ringan Cemar Berat,Cemar Ringan  Cemar Berat,Cemar Berat,Cemar Berat,Cemar Ringan,Cemar Ringan
99,SULAWESI SELATAN,Larona,MemenuhiCemar RinganCemar Berat,Cemar Ringan  Cemar Berat,Cemar RinganCemar Berat,Cemar RinganCemar Berat,,
100,SULAWESI SELATAN,Sadang,Cemar RinganCemar Berat,Cemar Ringan  Cemar Berat,Cemar Berat,Cemar Berat,Cemar Ringan,Cemar Sedang
101,SULAWESI SELATAN,Walanae,Cemar Berat,Cemar Berat,Cemar Berat,Cemar Berat,Cemar Ringan,Cemar Ringan
102,SULAWESI SELATAN,Tangka,Cemar RinganCemar Berat,Cemar Ringan  Cemar Berat,Cemar RinganCemar Berat,Cemar RinganCemar Berat,,Cemar Ringan
103,SULAWESI SELATAN,Gilireng,Cemar Berat,Cemar Berat,Cemar Berat,Cemar Berat,,
104,SULAWESI TENGGARA,Lariang,Cemar Berat,Cemar Berat,,,Cemar RinganCemar Sedang,Cemar Ringan
105,SULAWESI TENGGARA,Lalindu,Cemar Ringan Cemar Sedang,Cemar Ringan Cemar Sedang,Cemar RinganCemar Sedang,Cemar RinganCemar Sedang,Cemar Ringan,Cemar Ringan
106,SULAWESI TENGGARA,Lasolo,Cemar Ringan Cemar Sedang,Cemar Ringan,Cemar Ringan,Cemar Ringan,Memenuhi Cemar Ringan,Cemar Ringan
107,GORONTALO,Randangan,Cemar Berat,Cemar Berat,Cemar Berat,Cemar Berat,Cemar Ringan,Cemar Ringan
108,GORONTALO,Andagile,Cemar SedangCemar Berat,Cemar SedangCemar Berat,Cemar SedangCemar Berat,Cemar SedangCemar Berat,Cemar Ringan,Cemar Ringan
109,GORONTALO,Limboto,,,Cemar Berat,Cemar Berat,Cemar Ringan,Cemar Ringan
110,SULAWESI BARAT,Lariang,Cemar Berat,Cemar SedangCemar Berat,Cemar Sedang  Cemar Berat,Cemar SedangCemar Berat,Cemar Ringan,Cemar Ringan
111,SULAWESI BARAT,Mandar,Cemar Berat,Cemar Berat,Cemar Berat,Cemar Berat,Cemar Ringan,Cemar Ringan
112,SULAWESI BARAT,Mamasa,Cemar sedangCemar Berat,Cemar SedangCemar Berat,Cemar Sedang  Cemar Berat,Cemar SedangCemar Berat,Cemar Ringan,Cemar Ringan
113,MALUKU,Batu Gajah,Cemar Sedang  Cemar Berat,Cemar SedangCemar Berat,Cemar Sedang  Cemar Berat,Cemar SedangCemar Berat,Cemar Ringan,Cemar Ringan
114,MALUKU,Wai Sah,Cemar Sedang  Cemar Berat,Cemar SedangCemar Berat,Cemar Sedang  Cemar Berat,Cemar SedangCemar Berat,Cemar Ringan,Cemar Ringan
115,MALUKU,Bomaki,Cemar SedangCemar Berat,Cemar Sedang,Cemar Sedang,Cemar Sedang,Cemar Ringan,Cemar Ringan
116,MALUKU,Way Batu Gantung,Cemar SedangCemar Berat,Cemar SedangCemar Berat,Cemar Sedang  Cemar Berat,Cemar SedangCemar Berat,,
117,MALUKU,Way Batu Merah,Cemar Berat,Cemar Berat,Cemar Berat,Cemar Berat,Cemar Ringan,
118,MALUKU,Way Tomu,Cemar Berat,Cemar Berat,Cemar Berat,Cemar Berat,,
119,MALUKU,Way Apo,Cemar Berat,Cemar Berat,Cemar Berat,Cemar Berat,,
120,MALUKU UTARA,Tabobo,Cemar SedangCemar Berat,Cemar SedangCemar Berat,Cemar Sedang,Cemar Sedang,Cemar Ringan,Cemar Ringan
121,MALUKU UTARA,Tanjung Buli,Cemar SedangCemar Berat,Cemar Berat,Cemar Berat,Cemar Berat,Cemar Ringan,Cemar Ringan
122,MALUKU UTARA,Aketajawe,Cemar Sedang,Cemar Sedang,Cemar Sedang,Cemar Sedang,Cemar Ringan,Cemar Ringan
123,PAPUA BARAT,Remu,Cemar SedangCemar Berat,Cemar Ringan  Cemar Sedang,Cemar Ringan  Cemar Sedang,Cemar RinganCemar Sedang,Cemar Ringan,Cemar Ringan
124,PAPUA BARAT,Kali Mati,,,,,,Memenuhi
125,PAPUA BARAT,Maruni,,,,,Cemar Ringan,Cemar Ringan
126,PAPUA,Fly,Cemar Sedang,,,,,
127,PAPUA,Bian,,Cemar Ringan,Cemar Ringan,Cemar Ringan,Cemar Ringan,Cemar Ringan
128,PAPUA,Danau Sentani,,,,,,Cemar Ringan
